bom_domestic,bom_foreign,bom_worldwide,box_office,budget,country,film,imdb_score,metacritic_score,mpaa,release_date,rt_audience_score,rt_critic_score,running_time,stars_count,writers_count
,,,$424.2 million,$22 million,United States,Dances with Wolves,8.0,72,PG-13,1990-11-21,87,82,181 minutes,4,1
"$52,096,475",,,$52.1 million,$31 million,United States,Awakenings,7.8,74,PG-13,1991-01-11,89,88,121 minutes,6,1
,,,$41.3 million,$15.3 million,France,Cyrano de Bergerac,7.6,,PG,1990-12-01,,,137 minutes,4,1
"$1,494,399",,,$1.4 million,$5 million,Ireland,The Field,7.4,,PG-13,1991-03,,,107 minutes,6,1
"$49,114,016",,,$49.1 million,$30 million,United States,Bugsy,6.8,,R,1991-12-20,69,85,137 minutes (Theatrical cut),5,1
"$79,091,969","$103,200,000","$182,291,969",$182.3 million,$35 million,United States,Cape Fear,7.3,73,R,1991-11-15,77,76,128 minutes,6,1
"$74,787,599",,,$110 million,$30 million,United States,The Prince of Tides,6.7,,R,1991-12-25,70,73,132 minutes,7,1
"$41,895,491",,,$41.9 million,$24 million,United States,The Fisher King,7.6,61,R,1991-09-27,86,82,137 minutes,4,1
"$9,493,259",,,$9.5 million,$31 million,United Kingdom,Chaplin,7.6,,PG-13,1993-01-08,81,57,143 minutes,15,3
"$101,157,447","$58,000,000","$159,157,447",$159.2 million,$14.4 million,United States,Unforgiven,8.3,82,R,1992-08-07,93,95,131 minutes,4,1
"$62,548,947",,,$62.5 million (US),2.3 million,Ireland,The Crying Game,7.3,90,R,1993-02-19,78,97,111 minutes,4,1
"$48,169,910",,,$48.2 million,$33 million,United States,Malcolm X,7.7,72,PG-13,1992-11-18,91,91,202 minutes,6,1
"$25,096,862","$40,700,000","$65,796,862",$65.8 million,$13 million,Britain,In the Name of the Father,8.1,84,R,1994-02-25,95,94,133 minutes,3,1
"$39,100,956",,,"$39,100,956",$15 million,United States,What's Love Got to Do with It,7.2,,R,1993-06-25,88,96,118 minutes,2,1
,,,$63.9 million,$15 million,United Kingdom,The Remains of the Day,7.9,84,PG,1993-11-19,89,97,134 minutes,8,1
"$96,065,768","$225,240,537","$321,306,305",$321.2 million,$22 million,United States,Schindler's List,8.9,93,R,1994-02-04,97,96,197 minutes,6,1
"$28,341,469",,,$58 million,$25 million,United States,The Shawshank Redemption,9.3,80,R,1994-10-14,98,91,142 minutes,7,1
"$15,238,689",,,$15.2 million,,United Kingdom,The Madness of King George,7.2,,PG-13,1994-12-28,80,93,110 minutes,6,1
,,,"$39,491,975",$20 million,United States,Nobody's Fool,7.4,,R,1995-01-13,,,110 minutes,3,1
"$107,928,762","$106,000,000","$213,928,762",$213.9 million,$88.5 million,United States,Pulp Fiction,8.9,94,R,1994-10-14,96,94,154 minutes,12,1
"$82,569,971","$23,700,000","$106,269,971","$106,269,971",$31 million,United States,Mr. Holland's Opus,7.3,,PG,1996-01-19,83,74,143 minutes,4,1
"$13,681,765",,,$13.7 million,$44 million,United States,Nixon,7.1,66,R,1996-01-05,74,75,192 minutes,12,1
"$39,363,635",,,$83 million,$11 million,United States,Dead Man Walking,7.6,80,R,1996-02-02,86,95,122 minutes,6,1
,,,"$21,848,932",$3 million,Italy,Il Postino,7.8,81,PG,1996-03-22,94,93,108 minutes,3,1
,,,$273.6 million,$50 million,United States,Jerry Maguire,7.3,77,R,1996-12-13,,,138 minutes,7,1
"$78,676,425","$153,300,000","$231,976,425",$232 million,$27 million,United Kingdom,The English Patient,7.4,87,R,1996-12-06,83,84,162 minutes,8,1
"$20,300,385",,,$20.3 million,$35 million,United States,The People vs. Larry Flynt,7.3,79,R,1997-01-10,80,87,129 minutes,3,1
"$24,444,121",,,$24.4 million,$1 million,United States,Sling Blade,8.0,84,R,1997-03-14,93,96,135 minutes,7,1
"$138,433,435","$87,500,000","$225,933,435",$225.9 million,$10 million,United States,Good Will Hunting,8.3,70,R,1998-01-09,94,97,126 minutes,5,2
,,,"$19,868,354 (domestic)",$5 million,United States,The Apostle,7.2,83,PG-13,1998-02-20,78,89,134 minutes,4,1
,,,"$9,054,736 (U.S.)",$2.7 million,,Ulee's Gold,7.1,77,R,1997-07-18,74,94,113 minutes,9,1
,,,"$64,256,513",$15million,United States,Wag the Dog,7.1,73,R,1998-01-09,76,85,97 minutes,7,1
"$216,540,909","$265,300,000","$481,840,909",$481.8 million,$70 million,United States,Saving Private Ryan,8.6,90,R,1998-07-24,95,92,169 minutes,4,1
"$6,451,628",,"$6,451,628",$6.5 million,$10 million,United Kingdom,Gods and Monsters,7.5,74,R,1998-11-04,83,95,105 minutes,4,1
,,,"$6,330,054",$6 million,United States,Affliction,7.0,79,R,1999-02-19,,,114 minutes,6,1
"$6,719,864","$17,155,263","$23,875,127",$23.9 million,$20 million,United States,American History X,8.6,62,R,1998-11-20,96,83,119 minutes,7,1
"$29,089,912","$31,200,000","$60,289,912",$60.2 million,$68 million,United States,The Insider,7.9,84,R,1999-11-05,90,96,157 minutes,8,2
"$6,203,044",,"$6,203,044","$6,203,044 (North America)",$10 million,United States,The Straight Story,8.0,86,G,1999-11-03,91,96,112 minutes,3,1
"$4,197,015",,"$4,197,015","$4,197,015",,United States,Sweet and Lowdown,7.3,70,PG-13,2000-03-10,81,78,95 minutes,8,1
"$50,699,241","$23,257,000","$73,956,241",$74 million,$50 million,United States,The Hurricane,7.6,74,R,2000-01-14,,,145 minutes,4,1
"$4,242,892","$4,284,625","$8,527,517","$8,527,517",,United States,Before Night Falls,7.3,85,R,2001-02-23,84,73,133 minutes,4,1
"$233,632,142","$196,000,000","$429,632,142",$429.6 million,$90 million,United States,Cast Away,7.7,73,PG-13,2000-12-22,83,90,143 minutes,2,1
"$8,598,593","$1,960,377","$10,558,970","$10,558,970",,United States,Pollock,7.0,77,R,2001-03-23,,,122 minutes,1,1
"$7,065,332","$10,923,895","$17,989,227",$18 million,$13.5 million,United States,Quills,7.4,70,R,2000-12-25,83,75,124 minutes,4,1
"$170,742,341","$142,800,000","$313,542,341",$313 million,$58 million,United States,A Beautiful Mind,8.2,72,PG-13,2002-01-04,93,75,135 minutes,1,1
"$40,311,852","$57,506,287","$97,818,139","$97,818,139",$22 million,United States,I Am Sam,7.6,28,PG-13,2002-01-25,87,34,134 minutes,7,1
"$58,203,105","$29,510,720","$87,713,825",$87.7 million,$107 million,United States,Ali,6.8,65,R,2001-12-25,65,67,157 minutes,8,1
"$35,930,604","$7,438,175","$43,368,779",$43.4 million,$1.7 million,United States,In the Bedroom,7.5,86,R,2002-02-08,81,93,131 minutes,4,1
"$22,498,520","$10,302,653","$32,801,173",$32.8 million,$19 million,United States,Adaptation,7.7,83,R,2003-02-14,85,91,114 minutes,3,1
"$12,988,801","$14,685,323","$27,674,124","$27,674,124",$30 million,Germany,The Quiet American,7.1,84,R,2003-03-07,73,87,101 minutes,3,1
"$77,812,000","$115,960,504","$193,772,504",$193.7 million,$97 million,United States,Gangs of New York,7.5,72,R,2002-12-20,81,75,168 minutes,7,3
"$65,016,287","$40,818,269","$105,834,556","$105,834,556",$30 million,United States,About Schmidt,7.2,85,R,2003-01-03,74,85,124 minutes,4,1
,,,$654.3 million,$140 million,United States,Pirates of the Caribbean: The Curse of the Black Pearl,8.0,63,PG-13,2003-07-09,,,143 minutes,7,2
"$13,040,288","$3,902,507","$16,942,795","$16,942,795",$16.5 million,United States,House of Sand and Fog,7.6,71,R,2004-01-09,83,75,124 minutes,3,1
"$95,636,509","$77,377,000","$173,013,509",$173 million,$79 million,United States,Cold Mountain,7.2,73,R,2003-12-25,77,71,154 minutes,3,1
"$44,585,453","$75,138,403","$119,723,856",$119.7 million,$4 million,United States,Lost in Translation,7.8,89,R,2003-10-03,86,95,101 minutes,5,1
"$23,530,892","$10,351,351","$33,882,243",$33.9 million,$17.5 million,United Kingdom,Hotel Rwanda,8.1,79,PG-13,2005-02-04,94,90,121 minutes,4,2
"$51,680,613","$65,085,943","$116,766,556",$116.8 million,$25 million,United Kingdom,Finding Neverland,7.7,67,PG,2004-12-17,87,83,101 minutes,5,1
,,,$213.7 million,$110 million,United States,The Aviator,7.5,77,PG-13,2004-12-25,,,170 minutes,7,1
"$100,492,203","$116,271,443","$216,763,646",$216.8 million,$30 million,United States,Million Dollar Baby,8.1,86,PG-13,2005-01-28,90,91,132 minutes,2,1
"$22,202,809","$1,360,918","$23,563,727",$23.6 million,$2.8 million,United States,Hustle & Flow,7.4,68,R,2005-07-22,82,82,116 minutes,5,1
"$83,043,761","$95,018,998","$178,062,759",$178.1 million,$14 million,United States,Brokeback Mountain,7.7,87,R,2006-01-13,82,87,134 minutes,4,2
"$119,519,402","$66,919,481","$186,438,883",$186.4 million,$28 million,United States,Walk the Line,7.9,72,PG-13,2005-11-18,90,82,136 minutes,5,1
"$31,558,003","$23,083,188","$54,641,191",$56.5 million,$7 million,United States,"Good Night, and Good Luck",7.5,80,PG,2005-11-04,83,93,93 minutes,6,2
"$57,377,916","$114,029,263","$171,407,179",$171.4 million,$101 million,United States,Blood Diamond,8.0,64,R,2006-12-08,90,62,143 minutes,5,1
"$2,697,938","$1,962,543","$4,660,481",$4.9 million,"$700,000",United States,Half Nelson,7.2,85,R,2006-09-22,83,90,106 minutes,3,2
"$3,347,411","$3,914,079","$7,261,490","$7,261,490","3,000,000",United Kingdom,Venus,7.1,82,R,2007-02-16,74,89,95 minutes,5,1
,,,$307.1 million,$55 million,United States,The Pursuit of Happyness,8.0,64,PG-13,2006-12-15,87,67,117 minutes,3,1
"$49,033,882","$43,957,953","$92,991,835",$92.9 million,$25 million,United States,Michael Clayton,7.3,82,R,2007-10-12,69,90,119 minutes,4,1
"$52,898,073","$99,625,091","$152,523,164",$152.5 million,$50 million,United Kingdom,Sweeney Todd: The Demon Barber of Fleet Street,7.4,83,R,2007-12-21,,,116 minutes,5,1
"$6,777,741","$22,764,049","$29,541,790",$29.5 million,$23 million,United States,In the Valley of Elah,7.2,65,R,2007-09-28,77,73,121 minutes,7,1
"$17,266,000","$38,840,607","$56,106,607",$56.1 million,$50 million,United Kingdom,Eastern Promises,7.7,82,R,2007-09-21,83,89,101 minutes,4,1
"$9,427,089","$8,651,086","$18,078,175","$18,078,175",$4 million,United States,The Visitor,7.7,79,PG-13,2008-05-23,,,103 minutes,4,1
"$18,622,031","$8,804,304","$27,426,335",$27.4 million,$25 million,United States,Frost/Nixon,7.7,80,R,2009-01-23,88,92,122 minutes,8,1
"$127,509,326","$206,422,757","$333,932,083",$333.9 million,$167 million,United States,The Curious Case of Benjamin Button,7.8,70,PG-13,2008-12-25,80,72,166 minutes,7,1
"$26,238,243","$18,465,752","$44,703,995",$44.7 million,$6 million,United States,The Wrestler,7.9,81,R,2009-01-30,88,98,109 minutes,3,1
,,,$166.8 million,$25 million,United States,Up in the Air,7.4,83,R,2009-12-23,,,109 minutes,4,2
"$9,176,000","$15,788,890","$24,964,890",$25 million,$7 million,United States,A Single Man,7.6,77,R,2010-02-05,81,85,100 minutes,4,2
"$37,491,364","$84,742,607","$122,233,971",$122.2 million,$5060 million,United States,Invictus,7.4,74,PG-13,2009-12-11,74,76,133 minutes,2,1
,,,$49.2 million,$15 million,United States,The Hurt Locker,7.6,94,R,2009-07-31,84,98,131 minutes,7,1
"$5,101,237","$20,046,549","$25,147,786",$25.1 million,,Mexico,Biutiful,7.5,58,R,2011-02-04,74,64,147 minutes,4,1
"$171,243,005","$81,033,922","$252,276,927",$252.3 million,$38 million,United States,True Grit,7.7,80,PG-13,2010-12-22,85,96,110 minutes,5,1
"$96,962,694","$127,957,621","$224,920,315",$224.9 million,$40 million,United States,The Social Network,7.7,95,PG-13,2010-10-01,86,96,120 minutes,5,1
"$18,335,230","$42,403,567","$60,738,797",$60.7 million,$18 million,United Kingdom,127 Hours,7.6,82,R,2011-01-28,85,93,93 minutes,1,2
,,,"$1,759,252",$10 million,United States,A Better Life,7.2,64,PG-13,2011-07-28,,,94 minutes,1,1
"$82,584,160","$94,659,025","$177,243,185",$177.2 million,$20 million,United States,The Descendants,7.3,84,R,2011-12-09,79,89,115 minutes,6,3
,,,$80.6 million,$21 million,United Kingdom,Tinker Tailor Soldier Spy,7.1,85,R,2012-01-06,,,127 minutes,8,1
"$75,605,492","$34,600,724","$110,206,216",$110.2 million,$50 million,United States,Moneyball,7.6,87,PG-13,2011-09-23,86,94,133 minutes,3,2
"$132,092,958","$104,319,495","$236,412,453",$236.4 million,$21 million,United States,Silver Linings Playbook,7.8,81,R,2012-12-25,86,92,122 minutes,5,1
"$148,809,770","$293,000,000","$441,809,770",$441.8 million,$61 million,United Kingdom,Les Misrables,7.6,63,PG-13,2012-12-25,79,69,158 minutes,7,4
"$16,377,274","$11,880,786","$28,258,060",$28.3 million,$32 million,United States,The Master,7.1,86,R,2012-09-21,61,86,137 minutes,3,1
"$93,772,375","$68,000,000","$161,772,375",$161.8 million,$31 million,United States,Flight,7.3,76,R,2012-11-02,75,78,138 minutes,8,1
,,,$251.1 million,$40 million,United States,American Hustle,7.3,90,R,2013-12-20,74,93,138 minutes,5,2
"$17,654,912","$10,027,960","$27,682,872",$27.7 million,$12 million,United States,Nebraska,7.7,86,R,2014-01-24,83,91,114 minutes,5,1
"$116,900,694","$275,100,000","$392,000,694",$392 million,$100 million,United States,The Wolf of Wall Street,8.2,75,R,2013-12-25,82,77,179 minutes,9,1
"$56,671,993","$131,061,209","$187,733,202",$187.7 million,$17.1 million,United States,12 Years a Slave,8.1,96,R,2013-11-08,90,96,134 minutes,9,1
"$12,096,300",,"$12,096,300",$13.6 million,$24 million,United States,Foxcatcher,7.0,81,R,2015-01-16,66,88,134 minutes,4,2
"$350,126,372","$197,300,000","$547,426,372",$547.4 million,$58.8 million,United States,American Sniper,7.3,72,R,2015-01-16,84,72,132 minutes,2,1
"$91,125,683","$142,430,025","$233,555,708",$233.6 million,$14 million,United States,The Imitation Game,8.1,73,PG-13,2014-12-25,91,90,114 minutes,6,1
"$42,340,598","$60,874,496","$103,215,094",$103.2 million,$16.5-18 million,United States,Birdman,7.8,88,R,2014-11-14,77,91,119 minutes,7,4
,,,$11.4 million,$15 million,United States,Trumbo,7.5,60,R,2015-11-27,,,124 minutes,7,1
"$228,433,663","$401,728,227","$630,161,890",$630.2 million,$108 million,United States,The Martian,8.0,80,PG-13,2015-10-02,91,92,141 minutes,12,1
,,,$34.4 million,$30 million,United States,Steve Jobs,7.2,82,R,2015-10-23,73,86,122 minutes,4,1
"$11,114,018","$53,077,505","$64,191,523",$64.2 million,$15 million,United Kingdom,The Danish Girl,7.0,66,R,2016-01-22,73,69,119 minutes,6,1
,,,$55.7 million,$8.5 million,United States,Manchester by the Sea,8.1,96,R,2016-12-16,81,96,137 minutes,4,1
,,,$164.4 million,$40 million,United States,Hacksaw Ridge,8.3,71,R,2016-11-04,93,86,139 minutes,7,2
,,,$339.6 million,$30 million,United States,La La Land,8.5,93,PG-13,2016-12-25,,,128 minutes,4,1
"$5,879,736",,"$5,879,736",$10.2 million,,United States,Captain Fantastic,7.9,72,R,2016-07-29,85,83,118 minutes,4,1
,,,$55.6 million,$24 million,United States,Fences,7.5,79,PG-13,2016-12-25,,,139 minutes,7,1
"$13,446,769",,,"$13,446,769",,United States,The Grifters,7.0,86,R,1991-01-25,70,90,110 minutes,3,1
"$178,406,268","$285,000,000","$463,406,268",$463.4 million,$14 million,United States,Pretty Woman,6.9,51,R,1990-03-23,68,61,119 minutes,2,1
,,,"$39,071,603 (US)",$22 million,United States,Postcards from the Edge,6.7,71,R,1990-09-14,66,90,101 minutes,3,1
"$7,698,010",,,"$7,698,010",,United States,Mr. & Mrs. Bridge,6.7,73,PG-13,1991-01-18,42,80,126 minutes,6,1
"$45,360,915",,,$45.4 million (North America),$16.5 million,United States,Thelma & Louise,7.4,88,R,1991-05-24,82,83,129 minutes,3,1
"$6,266,621",,,$6.3 million,$7.5 million,United States,Rambling Rose,6.7,,R,1991-09-20,52,100,112 minutes,5,1
"$17,860,280","$5,342,164","$23,202,444","$23,202,444",$40 million,United States,For the Boys,6.3,,R,1991-11-27,75,38,138 minutes,3,1
"$5,603,158",,,$29.6 million,,France,Indochine,7.1,,PG-13,1992-12-23,84,71,159 minutes,5,1
,,,"$4,814,619",$5 million,United States,Passion Fish,7.5,,R,1992-12-11,81,100,135 minutes,5,1
,,,"$1,014,726",,United States,Love Field,6.7,,PG-13,1993-02-12,56,36,102 minutes,3,1
"$7,286,388",,,"$7,286,310","$30 million (estimated)+ $90,000 from NBC",United States,Lorenzo's Oil,7.2,,PG-13,1993-01-29,79,94,129 minutes,4,1
"$6,405,918",,,$6.4 million,$15 million,United States,Six Degrees of Separation,6.9,,R,1993-12-08,71,88,112 minutes,6,1
"$25,842,377",,,"$25,842,377",$22 million,United Kingdom,Shadowlands,7.4,,PG,1994-01-14,89,96,131 minutes,2,1
,,,$106.7 million,$31 million,United States,Nell,6.5,,PG-13,1994-12-23,64,53,113 minutes,4,1
,,,"$538,534",,United Kingdom,Tom & Viv,6.5,,PG-13,1994-12-02,61,33,115 minutes,5,1
,,,"$50,083,616",$15 million,United States,Little Women,7.3,87,PG,1994-12-25,84,90,118 minutes,10,1
,,,"$117,615,211",$45 million,United States,The Client,6.7,65,PG-13,1994-07-20,,,119 minutes,6,1
,,,"$32,029,928",$3.6 million,United States,Leaving Las Vegas,7.6,82,R,1996-02-09,85,90,112 minutes,3,1
"$42,512,375","$73,600,000","$116,112,375",$116.1 million,$4050 million,United States,Casino,8.2,73,R,1995-11-22,93,80,178 minutes,6,2
"$71,516,617","$110,500,000","$182,016,617",$182 million,$22 million,United States,The Bridges of Madison County,7.5,66,PG-13,1995-06-02,87,89,134 minutes,2,1
,,,"$134,993,774",$16 million,United Kingdom,Sense and Sensibility,7.7,84,PG,1996-01-26,,,136 minutes,4,1
"$13,417,292",,,"$13,417,292",$4.5 million,United Kingdom,Secrets & Lies,8.0,91,R,1997-02-28,91,94,142 minutes,12,1
"$12,803,305",,,"$12,803,305",$23 million,United States,Marvin's Room,6.7,68,PG-13,1997-02-28,62,80,98 minutes,7,1
"$3,803,298",,,$3.8 million (USA),$7.5 million,Denmark,Breaking the Waves,7.9,76,R,1996-11-13,91,86,158 minutes,5,1
"$13,692,848",,,$13.7 million,,United Kingdom,The Wings of the Dove,7.2,73,R,1998-03-13,78,86,102 minutes,7,1
"$2,465,960",,,"$2,465,960",,United States,Afterglow,6.1,68,R,1998-03-20,45,74,113 minutes,4,1
"$9,229,808",,,"$9,229,808",,United Kingdom,Mrs Brown,7.3,71,PG,1997-10-03,78,94,103 minutes,6,1
"$658,672,302","$1,528,100,000","$2,186,772,302",$2.187 billion,$200 million,United States,Titanic,7.7,74,PG-13,1997-12-19,69,88,195 minutes,10,1
,,,"$82,150,642",$30million,United Kingdom,Elizabeth,7.5,75,R,1999-02-19,,,123 minutes,5,1
,,,$22 million,$2.9 million,Brazil,Central Station,8.0,80,R,1998-11-20,95,94,113 minutes,3,2
,,,"$26,616,840",$30 million,United States,One True Thing,7.0,63,R,1998-09-18,,,127 minutes,6,1
,,,"$4,912,892 (US)",,United Kingdom,Hilary and Jackie,7.4,78,R,1999-02-05,83,86,,6,1
,,,$356.3 million,$15 million,United States,American Beauty,8.4,86,R,1999-10-01,93,88,122 minutes,8,1
,,,"$1,350,248","$312,000",United States,Tumbleweeds,6.7,75,PG-13,2000-03-03,65,82,100 minutes,3,1
"$10,827,816",,,"$10,827,816",$23 million,United Kingdom,The End of the Affair,7.2,65,R,2000-01-21,74,67,102 minutes,3,1
,,,"$14,936,407",$27 million,United States,Music of the Heart,6.8,54,PG,1999-10-29,,,123 minutes,7,1
,,,"$22,361,811",$20 million,United States,The Contender,7.0,59,R,2000-10-13,,,126 minutes,12,1
"$71,509,363","$81,190,583","$152,699,946","$152,699,946",$25 million,United States,Chocolat,7.3,64,PG-13,2001-01-19,83,63,121 minutes,10,1
"$3,635,482","$3,754,626","$7,390,108",$7.4 million,$4.5 million,United States,Requiem for a Dream,8.4,68,R,2000-12-15,93,78,101 minutes,4,2
,,,$11 million,$1.2 million,United States,You Can Count on Me,7.7,85,R,2000-12-22,88,95,111 minutes,5,1
"$5,594,617","$10,559,336","$16,153,953",$16.2 million,$5.5 million,United Kingdom,Iris,7.1,76,R,2002-03-29,74,79,90 minutes,4,2
"$57,386,607","$121,826,827","$179,213,434",$179.2 million,$52 million,Australia,Moulin Rouge!,7.6,66,PG-13,2001-06-01,89,76,128 minutes,6,2
"$71,543,427","$210,386,368","$281,929,795",$281.9 million,$25 million,United Kingdom,Bridget Jones's Diary,6.7,66,R,2001-04-13,81,81,97 minutes,6,3
"$25,885,000","$30,413,474","$56,298,474",$56.3 million,$12 million,United States,Frida,7.4,61,R,2002-11-22,86,76,123 minutes,5,1
"$52,775,765","$66,362,019","$119,137,784","$119,137,784",$50 million,United States,Unfaithful,6.7,63,R,2002-05-10,68,49,124 minutes,4,1
"$15,901,849","$13,126,065","$29,027,914",$29 million,$13.5 million,United States,Far from Heaven,7.4,84,PG-13,2003-01-10,79,87,107 minutes,6,1
"$170,687,518","$136,089,214","$306,776,732",$306.8 million,$45 million,United States,Chicago,7.2,82,PG-13,2003-01-24,83,86,113 minutes,5,1
"$20,779,666","$20,662,447","$41,442,113",$41.4 million,NZ$$9.2 million,New Zealand,Whale Rider,7.6,80,PG-13,2003-08-29,88,90,101 minutes,1,1
,,,"$266,728,738",$80 million,United States,Something's Gotta Give,6.7,66,PG-13,2003-12-12,69,71,128 minutes,6,1
"$15,539,656","$9,843,255","$25,382,911","$25,382,911",,Ireland,In America,7.8,76,PG-13,2004-02-06,91,89,105 minutes,4,1
,,,$60.4 million,$20 million,United States,21 Grams,7.7,70,R,2004-01-16,86,80,124 minutes,4,1
,,,"US$14,339,171",US$18 million,Canada,Being Julia,7.1,65,R,2005-02-18,74,76,104 minutes,3,1
"$6,529,624","$6,065,006","$12,594,630","$12,594,630",$3 million,Colombia,Maria Full of Grace,7.5,87,R,2004-08-06,87,97,101 minutes,2,1
"$3,775,283","$9,492,586","$13,267,869",$13.3 million,$11 million,United Kingdom,Vera Drake,7.7,83,R,2005-02-04,84,92,125 minutes,8,1
"$34,400,301","$37,857,825","$72,258,126",$72.3 million,$20 million,United States,Eternal Sunshine of the Spotless Mind,8.3,89,R,2004-03-19,94,93,108 minutes,6,1
"$11,036,366","$16,840,051","$27,876,417","$27,876,417",$20 million,United Kingdom,Mrs Henderson Presents,7.1,71,R,2006-02-17,72,68,103 minutes,5,1
"$9,015,303","$6,136,441","$15,151,744",$15.2 million,$1 million,United States,Transamerica,7.4,66,R,2006-03-03,83,76,103 minutes,7,1
"$38,405,088","$82,742,859","$121,147,947",$121.1 million,22 million,France,Pride & Prejudice,7.8,82,PG,2005-11-23,89,85,127 minutes,10,1
"$18,337,722","$6,873,453","$25,211,175",$25.2 million,$35 million,United States,North Country,7.3,68,R,2005-10-21,76,68,126 minutes,8,1
,,,"$85,585,177",$9.4 million,Spain,Volver,7.6,84,R,2007-01-26,89,92,121 minutes,6,1
,,,$49.8 million,$15 million,United Kingdom,Notes on a Scandal,7.4,73,R,2007-01-26,83,87,91 minutes,3,1
"$124,740,460","$201,810,634","$326,551,094",$326.5 million,$41 million,United States,The Devil Wears Prada,6.8,62,PG-13,2006-06-30,76,76,109 minutes,6,1
"$5,463,019","$9,358,639","$14,821,658",$14.8 million,$26 million,United States,Little Children,7.6,75,R,2007-02-09,82,80,137 minutes,7,1
"$16,383,509","$57,854,054","$74,237,563",$74.2 million,$55million,United Kingdom,Elizabeth: The Golden Age,6.9,45,PG-13,2007-10-12,59,35,114 minutes,8,1
"$4,571,521","$4,622,762","$9,194,283","$9,194,283",,Canada,Away from Her,7.6,88,PG-13,2007-05-25,81,94,110 minutes,6,1
"$6,623,082","$4,018,941","$10,642,023","$9,610,042",$9 million,United States,The Savages,7.2,85,R,2008-02-01,74,89,113 minutes,3,1
,,,$231.4 million,$6.5$7.5 million,United States,Juno,7.5,81,PG-13,2007-12-25,88,94,96 minutes,6,1
"$12,796,841","$3,826,172","$16,623,013",$17.5 million,$12 million,United States,Rachel Getting Married,6.7,82,R,2008-11-07,62,84,114 minutes,6,1
,,,$113 million,$55 million,United States,Changeling,7.8,63,R,2008-10-31,82,62,141 minutes,2,1
"$2,511,476","$2,902,807","$5,414,283","$5,133,210",$1 million,United States,Frozen River,7.2,82,R,2008-09-05,74,88,97 minutes,5,1
,,,$50.9 million,$20 million,United States,Doubt,7.5,68,PG-13,2008-12-25,78,78,104 minutes,4,1
,,,"$13,550,772",$18 million,Germany,The Last Station,7.0,76,R,2010-02-26,66,71,112 minutes,4,1
,,,$26.1 million,$7.5 million,United Kingdom,An Education,7.3,85,PG-13,2010-02-05,80,94,95 minutes,7,1
"$47,566,524","$16,081,309","$63,647,833",$63.6 million,$10 million,United States,Precious,7.3,79,R,2009-11-20,81,91,110 minutes,6,1
"$94,125,426","$35,415,073","$129,540,499",$129.5 million,$40 million,United States,Julie & Julia,7.0,66,PG-13,2009-08-07,70,76,123 minutes,5,1
"$20,811,365","$13,894,485","$34,705,850",$34.7 million,$4 million,United States,The Kids Are All Right,7.1,86,R,2010-07-30,73,93,107 minutes,5,1
"$2,229,058","$2,900,000","$5,129,058","$5,143,154",$3 million,United States,Rabbit Hole,7.0,76,PG-13,2011-01-28,72,86,91 minutes,5,1
"$6,531,503","$7,265,331","$13,796,834",$16.1 million,$2 million,United States,Winter's Bone,7.2,90,R,2010-07-16,76,94,100 minutes,6,1
"$9,706,328","$2,649,406","$12,355,734",$16.6 million,$1 million,United States,Blue Valentine,7.4,81,R,2011-01-28,77,88,112 minutes,2,3
,,,$5.6 million,"6,000,000 ($7.5m approx.)",United Kingdom,Albert Nobbs,6.7,57,R,2012-02-22,48,57,113 minutes,8,1
"$169,708,112","$46,931,000","$216,639,112",$216.6 million,$25 million,United States,The Help,8.1,62,PG-13,2011-08-10,89,75,146 minutes,6,1
"$102,515,793","$130,101,637","$232,617,430",$232.6 million,$90 million,United States,The Girl with the Dragon Tattoo,7.8,71,R,2011-12-21,86,86,158 minutes,8,1
"$14,600,347","$20,457,349","$35,057,696",$35 million,6.4 million,United Kingdom,My Week with Marilyn,7.0,65,R,2011-12-23,71,83,101 minutes,5,1
"$95,720,716","$37,100,000","$132,820,716",$132.8 million,$40 million,United States,Zero Dark Thirty,7.4,95,R,2013-01-11,80,92,157 minutes,4,1
"$6,739,492","$13,100,000","$19,839,492",$29.9 million,$8.9 million,France,Amour,7.9,94,PG-13,2012-09-20,,,127 minutes,3,1
"$12,795,746","$8,312,000","$21,107,746",$21.9 million,$1.8 million,United States,Beasts of the Southern Wild,7.3,86,PG-13,2012-07-05,76,86,93 minutes,2,1
"$19,019,882","$161,254,241","$180,274,123",$180.3 million,$45 million,Spain,The Impossible,7.6,73,PG-13,2013-01-04,84,81,113 minutes,3,1
,,,$723.2 million,$100 million,United Kingdom,Gravity,7.8,96,PG-13,2013-10-04,,,91 minutes,2,1
"$37,709,979","$62,419,893","$100,129,872",$100.1 million,$12 million,United Kingdom,Philomena,7.6,77,PG-13,2013-11-27,89,92,98 minutes,2,2
"$37,738,810","$36,450,127","$74,188,937",$74.2 million,$37 million,United States,August: Osage County,7.2,58,R,2014-01-10,65,64,120 minutes,12,1
"$1,436,243","$5,427,000","$6,863,243",$9 million,7 million,Belgium,"Two Days, One Night",7.4,89,PG-13,2014-05-21,77,97,95 minutes,2,2
"$35,893,537","$87,833,151","$123,726,688",$123.7 million,$15 million,United Kingdom,The Theory of Everything,7.7,72,PG-13,2014-11-26,84,79,123 minutes,6,1
"$167,767,189","$201,563,174","$369,330,363",$369.3 million,$61 million,United States,Gone Girl,8.1,79,R,2014-10-03,87,88,149 minutes,4,1
"$37,880,356","$14,621,185","$52,501,541",$52.5 million,$15 million,United States,Wild,7.1,76,R,2014-12-19,75,90,115 minutes,5,1
,,,$40.3 million,$11.8 million,United Kingdom,Carol,7.2,95,R,2016-01-15,73,94,118 minutes,5,1
"$56,451,232","$44,682,827","$101,134,059",$101.1 million,$60 million,United States,Joy,6.6,56,PG-13,2015-12-25,57,60,124 minutes,7,1
"$4,247,285",,"$4,247,285",$13.9 million,,United Kingdom,45 Years,7.1,94,R,2015-08-28,67,97,95 minutes,2,1
"$38,322,743","$23,753,398","$62,076,141",$62.1 million,$11 million,United Kingdom,Brooklyn,7.5,87,PG-13,2015-11-25,87,97,112 minutes,5,1
,,,$10.2 million,8.2 million,France,Elle,7.3,89,R,2016-11-11,,,130 minutes,13,1
,,,$8.4 million,$9 million,United Kingdom,Loving,7.1,79,PG-13,2016-11-04,,,123 minutes,5,1
,,,$19.7 million,$9 million,United States,Jackie,7.1,81,R,2016-12-02,67,89,99 minutes,5,1
,,,$44.3 million,$29 million,United Kingdom,Florence Foster Jenkins,6.9,71,PG-13,2016-08-12,70,87,110 minutes,5,1
"$46,836,214",,,$46.8 million,$25 million,United States,Goodfellas,8.7,89,R,1990-09-21,97,97,145 minutes,5,2
"$15,445,131",,,$15.4 million,,United States,Reversal of Fortune,7.3,93,R,1990-11-09,77,94,111 minutes,3,1
"$130,742,922","$142,000,000","$272,742,922",$272.7 million,$19 million,United States,The Silence of the Lambs,8.6,84,R,1991-02-14,95,95,118 minutes,4,1
,,,"$5,575,738 (domestic)",,Germany\,Europa Europa,7.7,,R,1990-11-14,,,112 minutes,3,1
,,,$119.4 million,$11 million,United States,Fried Green Tomatoes,7.7,,PG-13,1992-01-24,91,73,136 minutes,5,1
"$70,405,498","$135,000,000","$205,405,498",$205.4 million,$40 million,United States,JFK,8.0,72,R,1991-12-20,88,84,188 minutes,8,1
,,,$26.1 million,$8 million,United Kingdom,Howards End,7.5,89,PG,1993-02-26,82,92,140 minutes,8,1
"$13,200,170",,,"$13,200,170",,United Kingdom,Enchanted April,7.4,,PG,1992-04-05,83,82,95 minutes,7,1
"$21,706,101",,,"$21,706,100",$8 million,United States,The Player,7.6,86,R,1992-05-08,85,98,124 minutes,7,1
,,,"$43,440,294",,United States,A River Runs Through It,7.3,68,PG,1992-10-30,,,123 minutes,5,1
"$63,095,253","$71,000,000","$134,095,253",$134.1 million,$31 million,United States,Scent of a Woman,8.0,59,R,1993-01-08,92,88,156 minutes,2,1
"$32,255,440",,,$32.3 million(US),$34 million,United States,The Age of Innocence,7.2,83,PG,1993-10-01,76,80,139 minutes,3,1
"$330,252,182","$347,693,217","$677,945,399",$677.9million,$55million,United States,Forrest Gump,8.8,82,PG-13,1994-07-06,95,72,142 minutes,5,1
,,,$24.8 million,$31 million,United States,Quiz Show,7.5,88,PG-13,1994-10-07,,,133 minutes,5,1
"$173,837,933","$181,400,000","$355,237,933",$355.2 million,$52 million,United States,Apollo 13,7.6,77,PG,1995-06-30,87,95,140 minutes,6,1
"$63,658,910","$190,476,000","$254,134,910",$254.1 million,$30 million,Australia,Babe,6.8,83,G,1995-08-04,67,97,92 minutes,2,2
"$7,343,114",,,"$7,343,114",$25 million,United States,The Crucible,6.8,,PG-13,1996-11-27,66,67,123 minutes,8,1
"$4,708,156","$31,033","$4,739,189","$4,739,189",$18 million,United Kingdom,Hamlet,7.8,,PG-13,1996-12-25,89,95,242 minutes,10,1
"$16,491,080",,,$72 million,1.5 million,United Kingdom,Trainspotting,8.2,83,R,1996-08-09,93,90,93 minutes,6,1
,,,$126.2 million,$35 million,United States,L.A. Confidential,7.3,,,2003-09-01,94,99,138 minutes,7,2
"$41,909,762","$83,000,000","$124,909,762",$124.9 million,$35 million,United States,Donnie Brasco,7.8,76,R,1997-02-28,89,87,126 minutes,6,1
"$3,263,585",,,$3.3 million,$5 million,Canada,The Sweet Hereafter,7.7,90,R,1997-11-21,86,100,112 minutes,13,1
"$37,562,568","$40,183,000","$77,745,568",$77.7 million,$48 million,United States,Out of Sight,7.0,85,R,1998-06-26,74,93,122 minutes,6,1
,,,$52.1 million,$65 million,United States,Primary Colors,6.7,70,R,1998-03-20,64,80,143 minutes,8,1
"$16,316,273",,,$16.3 million,$17 million,United States,A Simple Plan,7.5,82,R,1999-01-22,81,90,121 minutes,3,1
"$36,400,491","$61,726,074","$98,126,565",$98.1 million,$52 million,United States,The Thin Red Line,7.6,78,R,1999-01-15,80,78,170 minutes,11,1
"$57,545,092","$31,000,000","$88,545,092",$88.5 million,$24 million,United States,The Cider House Rules,7.4,75,PG-13,2000-01-07,77,71,125 minutes,6,1
"$14,902,041",,,$14.9 million,$25 million,United States,Election,7.3,83,R,1999-05-07,79,92,102 minutes,2,1
,,,$290.7 million,$60 million,United States,The Green Mile,8.5,61,R,1999-12-10,94,80,189 minutes,13,1
"$81,298,265","$47,500,000","$128,798,265",$128.8 million,$40 million,United States,The Talented Mr. Ripley,7.3,76,R,1999-12-25,80,83,138 minutes,9,1
"$124,115,725","$83,400,000","$207,515,725",$207.5 million,$48 million,United States,Traffic,7.6,86,R,2001-01-05,85,92,147 minutes,19,1
"$128,078,872","$85,446,864","$213,525,736",$213.5 million,$17 million,Taiwan,"Crouching Tiger, Hidden Dragon",7.9,93,PG-13,2001-01-12,86,97,120 minutes,4,3
"$45,512,588","$26,355,739","$71,868,327",$71.9 million,$26 million,United Kingdom,"O Brother, Where Art Thou?",7.8,69,PG-13,2001-02-02,89,77,107 minutes,7,2
"$19,393,557","$14,033,031","$33,426,588",$33.4 million,$55 million,United States,Wonder Boys,7.4,73,R,2000-02-25,83,81,111 minutes,6,1
"$6,217,849","$2,546,158","$8,764,007",$8.7 million,$7 million,United States,Ghost World,7.4,88,R,2001-09-21,84,92,112 minutes,6,2
"$315,544,750","$555,985,574","$871,530,324",$871.5million,$93million,New Zealand,The Lord of the Rings: The Fellowship of the Ring,8.8,92,PG-13,2001-12-19,95,91,178 minutes,15,3
"$267,665,011","$216,744,207","$484,409,218",$484.4 million,$60 million,United States,Shrek,7.9,84,PG,2001-05-18,90,88,90 minutes,4,4
"$32,572,577","$87,500,000","$120,072,577",$120.1 million,$35 million,France,The Pianist,8.5,85,R,2003-03-28,95,96,150 minutes,6,1
"$41,385,278","$89,164,177","$130,549,455","$130,549,455",$30 million,United States,About a Boy,7.1,75,PG-13,2002-05-17,54,94,101 minutes,4,1
"$41,675,994","$67,170,078","$108,846,072",$108.8 million,$25 million,United Kingdom,The Hours,7.6,81,PG-13,2003-02-14,84,81,114 minutes,3,1
"$377,845,905","$742,083,616","$1,119,929,521",$1.120billion,$94million,New Zealand,The Lord of the Rings: The Return of the King,8.9,94,PG-13,2003-12-17,86,95,200 minutes,19,3
"$6,010,990","$1,975,094","$7,986,084","$7,986,084",$2 million,United States,American Splendor,7.5,90,R,2003-09-12,86,94,101 minutes,3,1
"$7,564,459","$23,077,311","$30,641,770",$30.6 million,$3.3 million,Brazil,City of God,8.7,79,R,2004-02-13,97,90,130 minutes,7,1
"$90,135,191","$66,686,829","$156,822,020",$156.8 million,$30 million,United States,Mystic River,8.0,84,R,2003-10-15,89,87,137 minutes,6,1
"$120,277,854","$28,058,591","$148,336,445",$148.3 million,$87 million,United States,Seabiscuit,7.3,72,PG-13,2003-07-25,76,77,141 minutes,6,1
,,,$109.7 million,$16 million,United States,Sideways,7.5,94,R,2005-01-21,,,123 minutes,4,1
"$5,820,649","$10,171,966","$15,992,615",$16.0 million,$2.7 million,United States,Before Sunset,8.0,90,R,2004-07-30,91,95,80 minutes,,1
"$16,781,387","$40,881,837","$57,663,224",$57.7 million,,Argentina,The Motorcycle Diaries,7.8,75,R,2004-10-15,92,84,126 minutes,6,1
"$28,750,530","$20,482,631","$49,233,161",$49.2 million,$7 million,United States,Capote,7.4,88,R,2006-02-03,81,90,114 minutes,7,1
"$33,579,797","$48,886,873","$82,466,670","$82,466,670",$25 million,,The Constant Gardener,7.5,82,R,2005-08-31,82,84,129 minutes,5,1
"$31,504,633","$29,236,194","$60,740,827",$60.7 million,$32 million,United States,A History of Violence,7.5,81,R,2005-09-30,76,87,96 minutes,5,1
"$47,403,685","$82,955,226","$130,358,911",$130.4 million,$70 million,United States,Munich,7.6,74,R,2006-01-06,83,78,163 minutes,6,1
"$132,384,315","$157,463,039","$289,847,354",$289.8 million,$90 million,United States,The Departed,8.5,85,R,2006-10-06,94,91,151 minutes,8,1
"$128,505,958","$133,066,786","$261,572,744",$261.6 million,$18 million,United Kingdom,Borat: Cultural Learnings of America for Make Benefit Glorious Nation of Kazakhstan,7.3,89,R,2006-11-03,79,91,84 minutes,,4
"$35,552,383","$34,407,368","$69,959,751",$70 million,$76 million,United Kingdom,Children of Men,7.9,84,R,2007-01-05,85,92,109 minutes,6,4
"$74,283,625","$97,343,541","$171,627,166",$171.6 million,$25 million,United States,No Country for Old Men,8.1,91,R,2007-11-21,86,93,122 minutes,3,2
"$50,927,067","$78,338,994","$129,266,061",$129.3 million,$30 million,United Kingdom,Atonement,7.8,85,R,2008-01-11,80,83,123 minutes,5,1
"$6,003,227","$13,774,420","$19,777,647",$19.8 million,10.8 million,France,The Diving Bell and the Butterfly,8.0,92,PG-13,2008-02-01,92,94,112 minutes,5,1
"$40,222,514","$35,959,031","$76,181,545",$76.2 million,$25 million,United States,There Will Be Blood,8.1,92,R,2008-01-25,86,91,158 minutes,5,1
"$141,319,928","$236,590,616","$377,910,544",$377.9 million,$15 million,United Kingdom,Slumdog Millionaire,8.0,86,R,2008-12-25,90,92,120 minutes,5,1
"$34,194,407","$74,707,560","$108,901,967",$108.9 million,$32 million,Germany,The Reader,7.6,58,R,2009-01-30,79,61,124 minutes,6,1
"$47,566,524","$16,081,309","$63,647,833",$63.6 million,$10 million,United States,"Precious: Based on the Novel ""Push"" by Sapphire",7.3,79,R,2009-11-20,81,91,110 minutes,6,1
"$115,646,235","$95,173,376","$210,819,611",US$210.8 million,US$30 million,New Zealand,District 9,8.0,81,R,2009-08-14,82,90,112 minutes,9,2
,,,"4,870,963","612,650",United Kingdom,In the Loop,7.5,83,NOT RATED,2009-09-04,81,94,105 minutes,6,1
"$415,004,880","$651,964,823","$1,066,969,703",$1.067 billion,$200million,United States,Toy Story 3,8.3,92,G,2010-06-18,89,99,103 minutes,12,1
"$73,864,507","$111,905,653","$185,770,160",$185.8 million,$150-170 million,France,Hugo,7.5,83,PG,2011-11-23,78,94,126 minutes,8,1
"$40,962,534","$35,030,527","$75,993,061",$76 million,$12.5 million,United States,The Ides of March,7.1,67,R,2011-10-07,73,84,101 minutes,6,1
"$136,025,503","$96,300,000","$232,325,503",$232.3 million,$44.5 million,United States,Argo,7.7,86,R,2012-10-12,90,96,120 minutes,4,1
"$124,987,023","$484,029,542","$609,016,565",$609 million,$120 million,United States,Life of Pi,7.9,79,PG,2012-11-21,84,87,127 minutes,5,1
"$182,207,973","$93,085,477","$275,293,450",$275.3 million,$65 million,United States,Lincoln,7.4,86,PG-13,2012-11-16,80,90,150 minutes,7,1
"$8,114,627","$3,061,842","$11,176,469",$23.4 million,$3 million,United States,Before Midnight,7.9,94,R,2013-06-14,82,98,109 minutes,,1
"$107,100,855","$111,690,956","$218,791,811",$218.8 million,$55 million,United States,Captain Phillips,7.8,83,PG-13,2013-10-11,89,93,134 minutes,2,1
"$8,110,975","$6,600,000","$14,710,975",$14.7million,$20million,United States,Inherent Vice,6.7,81,R,2015-01-09,52,74,149 minutes,9,1
"$13,092,000","$35,890,041","$48,982,041",$49 million,$3.3 million,United States,Whiplash,8.5,88,R,2014-10-15,94,94,106 minutes,3,1
"$70,259,870","$63,086,636","$133,346,506",$133.3 million,$28 million,United States,The Big Short,7.8,81,R,2015-12-23,88,88,130 minutes,4,2
"$14,677,654","$20,724,104","$35,401,758",$36.2 million,$13 million,Canada,Room,8.2,86,R,2016-01-22,93,94,118 minutes,5,1
,,,$163.9 million,$25 million,United States,Hidden Figures,7.9,74,PG,2017-01-06,94,92,127 minutes,6,2
,,,$75.3 million,$12 million,Australia,Lion,8.0,69,PG-13,2017-01-06,93,86,118 minutes,4,1
"$21,389,673",,"$21,389,673",$22.4 million,$5 million,United States,Moonlight,7.9,99,R,2016-11-18,86,98,111 minutes,7,1
,,,$138190 million,$10.512 million,United Kingdom,2001: A Space Odyssey,8.3,86,G,1968-05-12,89,94,161 minutes (premiere),2,2
,,,,"$800,000",Italy,The Battle of Algiers,8.1,95,NOT RATED,1967-09-20,95,99,120 minutes,2,1
,,,$38.9 million,"$850,000",United Kingdom,Romeo and Juliet,7.7,,PG,1968-10-08,,,138 minutes,8,1
"$66,666,062","$70,100,000","$136,766,062",$136.8 million,$54 million,United States,The Godfather Part III,7.6,60,R,1990-12-25,78,67,162 minutes,9,2
"$57,504,069",,,$57.5 million (North America),$6.5 million,United States,Boyz n the Hood,7.8,75,R,1991-07-12,93,96,112 minutes,10,1
"$6,110,979",,,"$6,110,979",,United States,Short Cuts,7.7,79,R,1993-10-01,89,95,188 minutes,22,1
"$40,157,856",,,US$140million,US$7million,New Zealand,The Piano,7.6,89,R,1994-02-11,86,90,117 minutes,6,1
"$13,383,747",,,$13.4 million,$20 million,United States,Bullets over Broadway,7.5,,R,1995-02-24,83,96,98 minutes,11,2
"$3,581,969",,,$3.5 million,,France,Three Colors: Red,8.1,100,R,1994-11-23,,,99 minutes,2,1
,,,"$21,848,932",$3 million,Italy,Il Postino: The Postman,7.8,81,PG,1996-03-22,94,93,108 minutes,3,1
"$24,611,975","$36,000,000","$60,611,975",$60.6 million,$7 million,United Kingdom,Fargo,8.1,85,R,1996-04-05,93,94,98 minutes,5,2
"$35,892,330",,,$35.9 million,$6 million,Australia,Shine,7.7,87,PG-13,1997-02-14,90,91,105 minutes,5,1
"$45,950,122","$211,988,527","$257,938,649",$258 million,$3.5 million,United Kingdom,The Full Monty,7.2,75,R,1997-09-19,79,95,91 minutes,3,1
"$57,563,264","$171,600,000","$229,163,264",$229.2 million,$20 million,Italy,Life Is Beautiful,8.6,59,PG-13,1999-02-12,96,80,116 minutes,2,1
"$100,317,794","$189,000,000","$289,317,794",$289.3 million,$25 million,United States,Shakespeare in Love,7.2,87,R,1999-01-08,80,92,123 minutes,13,1
"$125,618,201","$138,500,000","$264,118,201",$264.1 million,$60 million,United States,The Truman Show,8.1,90,PG,1998-06-05,88,94,103 minutes,6,1
"$22,863,596",,"$22,863,596",$32.4 million,$13 million,United States,Being John Malkovich,7.8,90,R,1999-12-03,87,93,112 minutes,6,1
,,,$672.8 million,$40 million,United States,The Sixth Sense,8.1,64,PG-13,1999-08-06,89,85,107 minutes,4,1
"$21,995,263","$87,285,000","$109,280,263","72,853,509 ($111,099,009)",3 million ($5 million),United Kingdom,Billy Elliot,7.7,74,R,2000-11-10,89,85,110 minutes,4,1
"$187,705,427","$269,935,000","$457,640,427",$457.6 million,$103 million,United Kingdom,Gladiator,8.5,64,R,2000-05-05,87,76,155 minutes,7,3
"$125,595,205","$130,676,081","$256,271,286",$256.3 million,$52 million,United States,Erin Brockovich,7.3,73,R,2000-03-17,80,84,130 minutes,3,1
"$41,308,615","$46,445,429","$87,754,044",$87.8 million,$19.8 million,United Kingdom,Gosford Park,7.3,90,R,2002-01-18,78,86,137 minutes,16,1
"$7,220,243","$12,897,096","$20,117,339",$20.1 million,$15 million,United States,Mulholland Drive,8.0,81,R,2001-10-19,88,82,146 minutes,5,1
"$108,638,745","$64,350,906","$172,989,651",$173 million,$92 million,United States,Black Hawk Down,7.7,74,R,2002-01-18,88,76,144 minutes,7,1
"$9,285,469","$41,716,081","$51,001,550","$51,001,550",,Spain,Talk to Her,8.0,86,R,2003-02-14,93,92,112 minutes,5,1
"$93,927,920","$118,083,191","$212,011,111",$212 million,$150 million,United States,Master and Commander: The Far Side of the World,7.4,81,PG-13,2003-11-14,80,85,138 minutes,6,2
"$75,331,600","$49,399,934","$124,731,534",$124.7 million,$40 million,United States,Ray,7.7,73,PG-13,2004-10-29,87,81,152 minutes,8,1
"$54,580,300","$43,829,761","$98,410,061",$98.4 million,$6.5 million,United States,Crash,7.8,69,R,2005-05-06,88,75,112 minutes,11,1
,,,$68.7 million,$19 million,United States,Letters from Iwo Jima,7.9,89,R,2007-02-02,86,91,140 minutes,5,1
,,,77.9 million ($123.4 million),9.8 million ($15 million),United Kingdom,The Queen,7.3,91,PG-13,2006-11-17,76,97,103 minutes,7,1
"$31,483,450","$44,802,646","$76,286,096",$76.3 million,$15 million,United States,United 93,7.6,90,R,2006-04-28,83,91,110 minutes,8,1
"$34,302,837","$101,027,345","$135,330,182",$135.3 million,$25 million,United States,Babel,7.5,69,R,2006-11-10,77,69,143 minutes,6,1
"$31,841,299","$22,745,285","$54,586,584",$54.6 million,$20 million,United States,Milk,7.6,84,R,2009-01-30,,,128 minutes,9,1
"$760,507,625","$2,027,457,462","$2,787,965,087",$2.788 billion,$237 million,United States,Avatar,7.8,83,PG-13,2009-12-18,82,83,161 minutes,5,1
,,,$321.5 million,$70 million,United States,Inglourious Basterds,8.3,69,R,2009-08-21,,,153 minutes,8,1
,,,$329.4 million,$13 million,United States,Black Swan,8.0,79,R,2010-12-17,,,108 minutes,5,3
"$93,617,009","$35,573,860","$129,190,869",$129.2 million,$25 million,United States,The Fighter,7.9,79,R,2010-12-17,,,115 minutes,5,3
,,,$151.1 million,$17million,United States,Midnight in Paris,7.7,81,PG-13,2011-06-10,83,93,94 minutes,7,1
"$13,303,319","$41,000,000","$54,303,319",$54.3 million,$32 million,United States,The Tree of Life,6.8,85,PG-13,2011-05-17,60,84,139 minutes,3,1
"$59,301,324","$115,500,000","$174,801,324",$174.8 million,23 million,United States,The Grand Budapest Hotel,8.1,88,R,2014-03-28,86,92,100 minutes,17,1
"$25,352,281","$19,143,000","$44,495,281",$44.5 million,$4 million,United States,Boyhood,7.9,100,R,2014-08-15,81,98,165 minutes,4,1
,,,$88.3 million,$20 million,United States,Spotlight,8.1,93,R,2015-11-20,93,96,129 minutes,6,2
"$154,058,340","$224,800,000","$378,858,340",$378.9 million,$150 million,Australia,Mad Max: Fury Road,8.1,90,R,2015-05-15,86,97,120 minutes,9,3
,,,$195.3 million,$47 million,United States,Arrival,8.1,81,PG-13,2016-11-11,,,116 minutes,5,1
"$7,331,647",,,"$7,331,647",$12 million,United States,Alice,6.6,,PG-13,1991-01-10,58,77,102 minutes,8,1
"$15,740,796",,,"$15,740,796 (USA)",,United States,Avalon,7.3,,PG,1990-10-19,78,83,126 minutes,4,1
"$29,888,235",,,$29.9 million,,United States,Green Card,6.2,58,PG-13,1991-02-01,51,56,107 minutes,2,1
,,,"$2,938,208 (USA)","$225,000",United States,Metropolitan,7.5,77,PG-13,1990-08-03,85,91,98 minutes,10,1
,,,"$40,991,329 (worldwide)",,United States,Grand Canyon,6.9,64,R,1992-01-17,,,137 minutes,6,1
"$10,555,619",,,"$10,555,619 (domestic)",$20 million (estimate),United States,Husbands and Wives,7.6,,R,1992-09-18,87,97,103 minutes,7,1
,,,"$63,270,710",,,Dave,6.8,,PG-13,1993-05-07,,,110 minutes,6,1
"$102,314,823","$74,682,345","$176,997,168",$177 million,$40 million,United States,In the Line of Fire,7.2,74,R,1993-07-09,79,95,128 minutes,7,1
"$77,446,440","$129,232,000","$206,678,440",$206.7 million,$26 million,United States,Philadelphia,7.7,66,PG-13,1994-01-14,89,78,126 minutes,5,1
"$126,680,884","$101,119,000","$227,799,884",$227.8 million,$21 million,United States,Sleepless in Seattle,6.8,72,PG,1993-06-25,75,72,105 minutes,2,3
"$13,383,747",,,$13.4 million,$20 million,United States,Bullets Over Broadway,7.5,,R,1995-02-24,83,96,98 minutes,11,2
"$52,700,832","$193,000,000","$245,700,832",$245.7 million,2.8 million,United Kingdom,Four Weddings and a Funeral,7.1,81,R,1994-04-15,74,95,117 minutes,10,1
"$3,049,135",,,"$5,438,120",$5 million (est.),New Zealand,Heavenly Creatures,7.4,,R,1994-10-14,83,92,99 minutes,6,1
"$75,609,945","$134,800,000","$210,409,945",$210.4 million,$72 million,United States,Braveheart,8.4,68,R,1995-05-24,85,78,178 minutes,4,1
"$6,468,498",,,$26 million,$15 million,United States,Mighty Aphrodite,7.1,59,R,1995-11-10,73,77,95 minutes,10,1
"$191,796,233","$181,757,800","$373,554,033",$373.6 million,$30 million,United States,Toy Story,8.3,95,G,1995-11-22,92,100,81 minutes,9,4
,,,"$12,408,986",$3 million,United States,Lone Star,7.6,78,R,1996-06-21,83,93,135 minutes,7,1
"$148,478,011","$165,700,000","$314,178,011","$314,178,011",$50 million,United States,As Good as It Gets,7.7,67,PG-13,1997-12-25,86,86,139 minutes,6,1
"$26,400,640","$16,700,954","$43,101,594",$43.1 million,$15 million,United States,Boogie Nights,7.9,85,R,1997-10-31,89,92,155 minutes,9,1
"$10,686,841",,,"$10,569,071","$20,000,000",United States,Deconstructing Harry,7.4,61,R,1998-01-02,82,71,96 minutes,19,1
"$26,528,185","$2,674,699","$29,202,884",$29.2 million,$30 million,United States,Bulworth,6.8,75,R,1998-05-22,67,75,108 minutes,7,2
"$22,455,976","$25,995,827","$48,451,803",$48.5 million,$37 million,United States,Magnolia,8.0,77,R,2000-01-07,89,84,188 minutes,12,1
,,,$6.2 million (U.S.),,United Kingdom,Topsy-Turvy,7.4,90,R,2000-02-11,,,160 minutes,4,1
,,,$11 million,$1.2 million,United States,You Can Count On Me,7.7,85,R,2000-12-22,88,95,111 minutes,5,1
"$33,225,499","$140,696,455","$173,921,954",$173.9 million,$10 million,France,Amlie,8.4,69,R,2002-02-08,,,123 minutes,2,1
"$25,544,867","$14,178,229","$39,723,096",$39.7 million,$9 million,United States,Memento,8.5,80,R,2001-05-25,94,92,113 minutes,3,1
"$52,364,010","$19,077,240","$71,441,250",$71.4 million,$21 million,United States,The Royal Tenenbaums,7.6,76,R,2002-01-04,89,80,109 minutes,7,1
"$241,438,208","$127,305,836","$368,744,044",$368.7 million,$5 million,Canada,My Big Fat Greek Wedding,6.6,62,PG,2002-08-02,73,76,95 minutes,6,1
"$13,839,658","$19,777,034","$33,616,692","$33,616,692",$5 million,Mexico,Y Tu Mam Tambin,7.7,88,R,2002-04-26,88,92,106 minutes,3,1
"$8,544,975","$18,379,681","$26,924,656","US$26,924,656",US$5 million,Canada,The Barbarian Invasions,7.7,70,R,2004-03-05,88,81,99 minutes,6,1
"$8,112,414","$5,792,352","$13,904,766","$13,904,766",$10 million,United Kingdom,Dirty Pretty Things,7.4,78,R,2003-09-05,82,94,97 minutes,6,1
"$380,843,261","$559,492,275","$940,335,536",$940.3 million,$94 million,United States,Finding Nemo,8.1,90,G,2003-05-30,86,99,100 minutes,4,1
"$261,441,092","$371,578,642","$633,019,734",$633million,$92million,United States,The Incredibles,8.0,90,PG,2004-11-05,75,97,115 minutes,8,1
,,,$85.3 million,$15 million,United Kingdom,Match Point,7.7,72,R,2006-01-20,,,124 minutes,6,1
"$7,372,734","$3,725,397","$11,098,131",$11 million,$1.5 million,United States,The Squid and the Whale,7.4,82,R,2005-12-16,81,93,81 minutes,5,1
"$50,824,620","$43,150,000","$93,974,620",$94 million,$50 million,United States,Syriana,7.0,76,R,2005-12-09,67,72,128 minutes,10,1
"$37,634,615","$45,623,611","$83,258,226",$83.3 million,$19 million,Spain,Pan's Labyrinth,8.2,98,R,2007-01-19,91,95,119 minutes,6,1
,,,$11.3 million,$12 million,United States,Lars and the Real Girl,7.4,70,PG-13,2007-11-02,84,81,106 minutes,5,1
"$206,445,654","$414,257,297","$620,702,951",US$620.7million,US$150million,United States,Ratatouille,8.0,96,G,2007-06-29,87,96,111 minutes,8,1
,,,11.7 million,,United Kingdom,Happy-Go-Lucky,7.0,84,R,2008-11-21,66,93,118 minutes,5,1
"$7,800,824","$25,593,616","$33,394,440",$34.5 million,$15 million,United Kingdom,In Bruges,8.0,67,R,2008-02-29,86,84,107 minutes,5,1
"$223,808,164","$309,473,269","$533,281,433",$533.3 million,$180 million,United States,WALL-E,8.4,94,G,2008-06-27,89,96,98 minutes,7,2
"$1,109,660","$411,601","$1,521,261","$1,521,261",$6.5 million,United States,The Messenger,7.2,77,R,2009-12-04,75,89,113 minutes,4,1
"$9,228,768","$22,201,566","$31,430,334",$31.4 million,$7 million,United States,A Serious Man,7.0,79,R,2009-11-06,67,89,106 minutes,3,1
"$293,004,164","$442,094,918","$735,099,082",$735.1 million,$175 million,United States,Up,8.3,88,PG,2009-05-29,90,98,96 minutes,3,2
"$3,205,706","$16,517,060","$19,722,766","$18,124,262",$8 million,United Kingdom,Another Year,7.3,80,PG-13,2011-02-04,74,92,129 minutes,3,1
,,,$825.5 million,$160 million,United Kingdom,Inception,8.8,74,PG-13,2010-07-16,91,86,148 minutes,9,1
"$44,671,682","$88,761,174","$133,432,856",$133.4 million,$15 million,France,The Artist,7.9,89,PG-13,2012-01-20,87,96,100 minutes,2,1
"$169,106,725","$119,276,798","$288,383,523",$288.4 million,$32.5 million,United States,Bridesmaids,6.8,75,R,2011-05-13,76,90,125 minutes,8,2
"$5,354,039","$14,150,000","$19,504,039",$19.5 million,$3.5 million,United States,Margin Call,7.1,76,R,2011-09-29,74,88,109 minutes,9,1
"$7,099,055","$12,800,000","$19,899,055",$24.4 million,"$500,000",Iran,A Separation,8.4,95,PG-13,2011-03-16,92,99,123 minutes,6,1
"$45,512,466","$22,750,700","$68,263,166",$68.3 million,$16 million,United States,Moonrise Kingdom,7.8,84,PG-13,2012-06-29,86,94,94 minutes,7,1
"$33,405,481","$64,100,000","$97,505,481",$97.5 million,$18 million,United States,Blue Jasmine,7.3,78,PG-13,2013-08-23,77,91,99 minutes,8,1
"$27,298,285","$27,900,000","$55,198,285",$55.2 million,$5 million,United States,Dallas Buyers Club,8.0,84,R,2013-11-22,91,94,116 minutes,3,2
,,,$50.3 million,$8.5 million,United States,Nightcrawler,7.9,76,R,2014-10-31,,,117 minutes,4,1
"$72,313,754","$93,164,594","$165,478,348",$165.5 million,$40 million,United States,Bridge of Spies,7.6,81,PG-13,2015-10-16,87,91,141 minutes,4,2
"$25,442,958","$11,426,456","$36,869,414",$36.9 million,$15 million,United Kingdom,Ex Machina,7.7,78,R,2015-04-24,86,93,108 minutes,4,1
"$356,461,711","$501,149,463","$857,611,174",$857.6 million,$175 million,United States,Inside Out,8.2,94,PG,2015-06-19,89,98,94 minutes,9,3
"$161,197,785","$40,437,206","$201,634,991",$201.6 million,$50 million (gross),United States,Straight Outta Compton,7.9,72,R,2015-08-14,91,87,147 minutes,4,2
,,,$32.3 million,$12 million,United States,Hell or High Water,7.7,88,R,2016-08-26,89,98,102 minutes,4,1
"$9,077,245",,"$9,077,245",$15.7 million,4 million,Ireland,The Lobster,7.1,82,R,2015-10-16,64,89,118 minutes,11,2
"$4,609,953",,,"$4,609,953",$3 million,United States,Longtime Companion,7.5,,R,1990-05-01,,,96 minutes,10,1
"$103,738,726","$59,000,000","$162,738,726",$162.7 million,$46 million,United States,Dick Tracy,6.1,,PG,1990-06-15,53,64,105 minutes,,2
,,,$6.2 million,$9 million,United States,Barton Fink,7.7,69,R,1991-08-21,89,91,117 minutes,6,1
,,,$243.2 million,$3340 million,United States,A Few Good Men,7.6,62,R,1992-12-11,89,81,138 minutes,8,1
"$10,725,228",,,$10.7 million (North America),$12.5 million,United States,Glengarry Glen Ross,7.8,80,R,1992-10-02,88,94,100 minutes,7,1
,,,$13.3 million,$43 million,United States,Mr. Saturday Night,5.8,,R,1992-09-25,36,56,119 minutes,5,1
,,,$10 million,$11 million,United States,What's Eating Gilbert Grape,7.8,,PG-13,1994-03-04,,,118 minutes,5,1
"$57,141,459","$111,698,000","$168,839,459",$168.8 million,$29.5 million,United States,12 Monkeys,8.0,74,R,1996-01-05,88,88,129 minutes,4,2
"$31,596,911",,,$31.6 million,,United States,Rob Roy,6.9,55,R,1995-04-14,75,72,139 minutes,6,1
"$56,116,183","$46,500,000","$102,616,183",$102.6 million,$30 million,United States,Primal Fear,7.7,47,R,1996-04-03,89,74,130 minutes,7,1
"$13,323,144",,,"$13,323,144",$36 million,United States,Ghosts of Mississippi,6.7,,PG-13,1997-01-03,62,45,130 minutes,4,1
"$39,673,162",,,$74.7 million,$12 million,United States,Jackie Brown,7.5,64,R,1997-12-25,85,87,154 minutes,6,1
"$44,229,441",,,$44.2 million,$36 million,United States,Amistad,7.2,63,R,1997-12-25,79,76,154 minutes,8,1
"$56,709,981",,,"$56,709,981",$75 million,United States,A Civil Action,6.5,68,PG-13,1999-01-08,55,60,115 minutes,8,1
"$8,293,784","$2,861,430","$11,155,214",$11.2 million,$8 million,Luxembourg,Shadow of the Vampire,6.9,71,R,2001-01-26,74,81,92 minutes,8,1
"$76,631,907","$28,244,326","$104,876,233",$105 million,$45 million,United States,Training Day,7.7,69,R,2001-10-05,89,72,122 minutes,3,1
"$6,946,056","$3,099,621","$10,045,677","31,765,934",4.2 million,United Kingdom,Sexy Beast,7.3,79,R,2001-07-13,85,86,88 minutes,6,1
"$104,454,762","$76,546,716","$181,001,478",$181 million,$80 million,United States,Road to Perdition,7.7,72,R,2002-07-12,86,81,117 minutes,6,1
"$164,615,351","$187,498,961","$352,114,312",$352.1 million,$52 million,United States,Catch Me If You Can,8.0,76,PG-13,2002-12-25,89,96,141 minutes,5,1
"$8,291,572","$2,173,216","$10,464,788","$10,464,788",$4 million,United States,The Cooler,7.0,69,R,2004-01-16,69,77,101 minutes,5,1
"$111,127,263","$345,631,718","$456,758,981",$456.8 million,$140 million,United States,The Last Samurai,7.7,55,R,2003-12-05,,,154 minutes,6,1
"$101,005,703","$116,758,588","$217,764,291",$217.8 million,$65 million,United States,Collateral,7.6,71,R,2004-08-06,84,86,120 minutes,6,1
"$33,987,757","$81,517,270","$115,505,027","$115,505,027",$27 million,United States,Closer,7.3,65,R,2004-12-03,81,68,104 minutes,4,1
"$61,649,911","$46,890,000","$108,539,911",$108.5 million,$88million,United States,Cinderella Man,8.0,69,PG-13,2005-06-03,91,80,144 minutes,7,2
"$103,365,956","$51,571,724","$154,937,680",$154.8 million,$80 million,United States,Dreamgirls,6.5,76,PG-13,2006-12-25,71,78,130 minutes,8,1
"$3,909,149","$11,092,627","$15,001,776",$15 million,$30 million,United States,The Assassination of Jesse James by the Coward Robert Ford,7.5,68,R,2007-10-19,,,159 minutes,8,1
"$66,661,095","$52,339,315","$119,000,410",$119 million,$75 million,United States,Charlie Wilson's War,7.1,69,R,2007-12-21,73,82,100 minutes,4,1
"$18,354,356","$37,900,786","$56,255,142",$56.3 million,$15 million,United States,Into the Wild,8.2,73,R,2007-10-19,89,82,148 minutes,10,1
"$110,515,313","$77,557,336","$188,072,649",$188.1 million,$92 million,United States,Tropic Thunder,7.0,71,R,2008-08-13,70,82,106 minutes,13,3
"$22,911,480","$52,314,541","$75,226,021",$75.2 million,$35 million,United States,Revolutionary Road,7.3,69,R,2009-01-23,71,67,119 minutes,7,1
"$44,114,232","$49,507,108","$93,621,340",$93.6 million,$65 million,United States,The Lovely Bones,6.7,42,PG-13,2010-01-15,52,31,135 minutes,6,1
"$92,186,262","$61,839,874","$154,026,136",$154 million,$37 million,United States,The Town,7.6,74,R,2010-09-17,85,94,124 minutes,8,3
,,,$414.2 million,$15 million,United Kingdom,The King's Speech,8.0,88,R,2010-12-25,92,95,119 minutes,8,1
"$13,657,115","$9,400,000","$23,057,115",$23.1 million,$25 million,United States,Warrior,8.2,71,PG-13,2011-09-09,92,82,140 minutes,5,3
"$31,847,881","$23,400,000","$55,247,881",$55.2 million,$40 million,United States,Extremely Loud and Incredibly Close,6.9,46,PG-13,2012-01-20,61,46,129 minutes,7,1
"$47,119,388","$37,300,000","$84,419,388",$84.4 million,$50 million,United States,The Judge,7.4,48,R,2014-10-10,,,141 minutes,8,2
,,,$533 million,$135 million,United States,The Revenant,8.0,76,R,2016-01-08,84,81,156 minutes,4,2
"$109,767,581","$63,800,000","$173,567,581",$173.6 million,$35 million,United States,Creed,7.7,82,PG-13,2015-11-25,89,95,133 minutes,5,2
,,,$30.6 million,$22.5 million,United States,Nocturnal Animals,7.6,67,R,2016-12-09,75,73,116 minutes,9,1
"$14,560,247",,,$14.6 million,$10 million,United States,Wild at Heart,7.2,52,R,1990-08-17,81,65,124 minutes,7,1
"$7,532,911",,,"$7,532,911 (US)",,United Kingdom,Damage,6.9,,R,1993-01-22,73,80,111 minutes,6,1
"$158,348,367","$111,900,000","$270,248,367","$270,248,367",$42 million,United States,The Firm,6.8,58,R,1993-06-30,64,75,154 minutes,7,1
,,,$7 million,,United States,Fearless,7.1,,R,1993-11-05,79,86,122 minutes,5,1
"$1,110,104",,,"$1,110,104",,United States,Georgia,6.5,81,R,1995-12-08,,,115 minutes,7,1
"$41,083,864",,,"$91,610,201",$42 million,United States,The Mirror Has Two Faces,6.5,,PG-13,1996-11-15,72,53,126 minutes,7,1
"$3,692,836",,,$3.7 million (United States),,United Kingdom,The Portrait of a Lady,6.3,61,PG-13,1997-01-17,52,43,142 minutes,12,1
"$63,856,929",,,"$63,856,929",$35 million,United States,In & Out,6.3,70,PG-13,1997-09-19,51,72,92 minutes,7,1
"$4,611,784",,,"$4,611,784",,United Kingdom,Little Voice,7.0,68,R,1998-12-04,,,96 minutes,5,1
"$11,540,607",,,$11.5 million,$2 million,United States,Boys Don't Cry,7.6,86,R,2000-03-31,87,88,118 minutes,7,2
"$32,534,850","$14,848,839","$47,383,689",$47.4 million,$60 million,United States,Almost Famous,7.9,90,R,2000-09-22,92,89,122 minutes,9,1
,,,"$3,272,028","$300,000",United States,Pieces of April,7.1,70,PG-13,2003-11-28,73,84,81 minutes,6,1
"$4,601,043","$5,527,917","$10,128,960",$10.1 million,$2 million,United States,Thirteen,6.8,70,R,2003-09-19,77,81,100 minutes,6,1
"$10,254,979","$6,663,744","$16,918,723",$16.9 million,$11 million,United States,Kinsey,7.1,79,R,2005-01-07,75,90,118 minutes,8,1
,,,$3.4 million,$1 million,United States,Junebug,7.0,80,R,2005-09-16,73,86,106 minutes,6,1
"$59,891,098","$40,632,083","$100,523,181",$100.5 million,$8 million,United States,Little Miss Sunshine,7.8,80,R,2006-08-18,91,91,101 minutes,6,1
,,,$11.7 million,$20 million,United States,I'm Not There,7.0,73,R,2007-12-07,,,135 minutes,6,2
"$130,164,645","$136,300,392","$266,465,037",$266.5 million,$100 million,United States,American Gangster,7.8,76,R,2007-11-02,87,80,158 minutes,10,1
"$20,300,218","$14,319,481","$34,619,699",$34.6 million,$19 million,United States,Gone Baby Gone,7.7,72,R,2007-10-19,86,94,114 minutes,9,2
"$19,676,965","$34,321,841","$53,998,806",$53.9 million,$80 million,United States,Nine,5.8,49,PG-13,2009-12-25,37,38,118 minutes,8,2
"$39,464,306","$7,941,260","$47,405,566",$47.4 million,$7 million,United States,Crazy Heart,7.3,83,R,2010-02-05,76,91,112 minutes,3,1
"$1,044,039","$5,749,943","$6,793,982",$6.8 million,$5 million,Australia,Animal Kingdom,7.3,83,R,2010-06-03,83,95,113 minutes,7,1
"$6,002,451","$3,135,887","$9,138,338","$9,138,338",$1 million,United States,The Sessions,7.2,79,R,2012-11-16,80,93,95 minutes,4,1
"$128,002,372","$85,114,029","$213,116,401",$213.1 million,$50 million,United States,Into the Woods,6.0,69,PG,2014-12-25,49,71,124 minutes,8,1
,,,$155.8 million,$44$54 million,United States,The Hateful Eight,7.8,68,R,2015-12-30,76,75,187 minutes (Roadshow),10,1
"$217,631,306","$288,071,282","$505,702,588",$505.7 million,$22 million,United States,Ghost,7.0,52,PG-13,1990-07-13,80,74,127 minutes,4,1
"$218,967,620","$206,000,000","$424,967,620",$425 million,$25 million,United States,Beauty and the Beast,8.0,95,G,1991-11-22,92,93,84 minutes,11,1
"$183,875,760","$185,000,000","$368,875,760",$368.9 million,$44 million,United States,The Fugitive,7.8,88,PG-13,1993-08-06,89,96,130 minutes,6,1
"$342,551,365","$583,495,746","$926,047,111",$926 million,$94 million,Germany,The Lord of the Rings: The Two Towers,8.7,88,PG-13,2002-12-18,95,96,179 minutes,15,4
"$255,959,475","$53,248,834","$309,208,309",$309.2 million,$29 million,United States,The Blind Side,7.7,53,PG-13,2009-11-20,38,,126 minutes,8,1
"$31,847,881","$23,400,000","$55,247,881",$55.2 million,$40 million,United States,Extremely Loud & Incredibly Close,6.9,46,PG-13,2012-01-20,61,46,129 minutes,7,1
"$79,884,879","$97,700,000","$177,584,879",$177.6 million,$66 million,United States,War Horse,7.2,72,PG-13,2011-12-25,74,76,146 minutes,5,1
"$162,805,434","$262,562,804","$425,368,238",$425.4 million,$100 million,United States,Django Unchained,8.4,81,R,2012-12-25,91,88,165 minutes,5,1
"$25,568,251","$21,783,000","$47,351,251",$48.8 million,$23 million,United States,Her,8.0,90,R,2014-01-10,82,95,126 minutes,5,1
"$42,340,598","$60,874,496","$103,215,094",$103.2 million,$16.5-18 million,United States,Birdman or (The Unexpected Virtue of Ignorance),7.8,88,R,2014-11-14,77,91,119 minutes,7,4
"$52,076,908","$14,711,000","$66,787,908",$66.8 million,$20 million,United States,Selma,7.5,89,PG-13,2015-01-09,86,99,128 minutes,8,1
,,,"$12,397,210 (US only)",US$5 million,Italy,Cinema Paradiso (Nuovo cinema Paradiso),8.5,80,R,1990-02-23,97,90,155 minutes,5,1
"$122,012,643","$78,500,000","$200,512,643",$200.5 million,$30 million,United States,The Hunt for Red October,7.6,58,PG,1990-03-02,89,86,135 minutes,5,2
,,,$161 million,$14 million,United States,Born on the Fourth of July,7.2,75,R,1990-01-05,76,90,145 minutes,6,1
,,,"$1,554,742",,United Kingdom,"Truly, Madly, Deeply",7.3,72,PG,1991-05-24,,,106 minutes,4,1
"$75,505,856",,,$75.5 million (NorthAmerica),$40 million,United States,The Last of the Mohicans,7.8,76,R,1992-09-25,,,112 minutes,3,2
"$11,220,670",,,$29.7 million,"A$1,884,200",Australia,"The Adventures of Priscilla, Queen of the Desert",7.5,68,R,1994-08-10,88,93,103 minutes,4,1
"$3,242,342",,,"$3,242,342",,United Kingdom,Carrington,6.9,,R,1995-11-10,74,50,120 minutes,6,1
,,,,"6,000,000",United Kingdom,Richard III,7.5,,R,1995-12-29,,,104 minutes,8,1
,,,"$266,130",$9 million,United Kingdom,Nil by Mouth,7.4,,R,1998-02-06,,,128 minutes,8,1
"$57,563,264","$171,600,000","$229,163,264",$229.2 million,$20 million,Italy,Life Is Beautiful (La vita  bella),8.6,59,PG-13,1999-02-12,96,80,116 minutes,2,1
,,,10 million,1.9 million,United Kingdom,East is East,6.9,74,R,2000-06-02,,,96 minutes,5,1
,,,"$24,690,441",$38 million,United States,The Shipping News,6.8,47,R,2002-01-18,,,111 minutes,4,1
"$16,781,387","$40,881,837","$57,663,224",$57.7 million,,Argentina,The Motorcycle Diaries (Diarios de motocicleta),7.8,75,R,2004-10-15,92,84,126 minutes,6,1
"$17,606,684","$30,756,832","$48,363,516",$48.4 million,$6 million,United Kingdom,The Last King of Scotland,7.7,74,R,2007-01-19,89,87,123 minutes,5,2
"$167,445,960","$431,600,000","$599,045,960",$599million,$150million,United Kingdom,Casino Royale,8.0,80,PG-13,2006-11-17,89,95,144 minutes,9,3
"$2,706,659","$10,695,293","$13,401,952","$11,121,000",2million,United Kingdom,The History Boys,6.9,74,R,2006-12-22,70,65,104 minutes,12,1
"$11,286,112","$66,070,830","$77,356,942",$77.3 million,$2 million,Germany,The Lives of Others (Das Leben der Anderen),8.5,89,R,2007-03-30,96,93,137 minutes,4,1
,,,,,United Kingdom,Sex & Drugs & Rock & Roll,6.6,57,,2010-05-05,66,76,113 minutes,8,1
"$3,909,002","$13,784,673","$17,693,675",$17.7 million,$6.5 million,United Kingdom,Shame,7.2,72,NC-17,2012-01-13,75,79,101 minutes,4,1
"$18,254,702",,,"$18,254,702",$19 million,United States,Crimes and Misdemeanors,8.0,77,PG-13,1989-11-03,91,93,104 minutes,11,1
"$165,493,908","$225,000,000","$390,493,908",$390.5 million,$48 million,United States,Robin Hood: Prince of Thieves,6.9,,PG-13,1991-06-14,72,50,143 minutes,5,2
,,,"$38,016,380 (US)",$15 million,United States,Dead Again,7.0,66,R,1991-08-30,,,107 minutes,5,1
"$14,919,570",,,$14.9 million,$1215 million,Ireland,The Commitments,7.6,,R,1991-09-13,90,88,118 minutes,12,3
"$5,887,457",,,$5.9 million (North America),$18 million,United States,Ed Wood,7.9,70,R,1994-10-07,88,92,127 minutes,6,1
"$11,092,559",,,"$27,572,844",$25 million,United States,Michael Collins,7.1,60,R,1996-10-25,84,78,133 minutes,5,1
"$127,120,029","$172,168,576","$299,288,605",$299.3 million,$38 million,United States,My Best Friend's Wedding,6.3,50,PG-13,1997-06-20,73,71,104 minutes,4,1
"$100,317,794","$189,000,000","$289,317,794",$289.3 million,$25 million,United States,Shakespeare In Love,7.2,87,R,1999-01-08,80,92,123 minutes,13,1
"$116,089,678","$247,800,000","$363,889,678",US$364 million,US$42 million,United Kingdom,Notting Hill,7.0,66,PG-13,1999-05-28,79,83,124 minutes,8,1
"$317,575,550","$657,179,821","$974,755,371",$974.8 million,$125 million,United Kingdom,Harry Potter and the Philosopher's Stone,7.5,64,PG,2001-11-16,82,80,152 minutes,15,1
"$59,696,144","$187,245,873","$246,942,017",$246.9 million,$45million (USD),United Kingdom,Love Actually,7.7,55,R,2003-11-14,72,63,136 minutes,10,1
"$66,809,693","$56,109,362","$122,919,055",$122.9 million,$70 million,United States,Big Fish,8.0,58,PG-13,2004-01-09,89,77,125 minutes,10,1
"$534,858,444","$469,700,000","$1,004,558,444",$1.005 billion,$185 million,United Kingdom,The Dark Knight,9.0,82,PG-13,2008-07-18,94,94,152 minutes,7,2
"$60,355,347","$103,364,722","$163,720,069",$163.7 million,$37 million,United States,Burn After Reading,7.0,63,R,2008-09-12,64,78,96 minutes,6,2
"$112,735,375","$106,368,280","$219,103,655",$219.1 million,$85 million,United States,It's Complicated,6.6,57,R,2009-12-25,,,120 minutes,4,1
"$1,190,003","$1,146,169","$2,336,172","$2,336,172",$25 million,United Kingdom,Me and Orson Welles,6.8,73,PG-13,2009-12-18,61,85,113 minutes,4,1
"$5,790,894","$8,520,807","$14,311,701",$14.3 million,$3.2 million,United States,Beginners,7.2,81,R,2011-06-09,77,84,104 minutes,4,1
,,,$115 million,8.2 million ($10.6 million),United Kingdom,The Iron Lady,6.4,54,PG-13,2012-01-13,,,104 minutes,6,1
"$304,360,277","$804,200,736","$1,108,561,013",$1.109 billion,$150200million,United Kingdom,Skyfall,7.8,81,PG-13,2012-11-09,86,93,143 minutes,8,3
,,,$98.2 million,$38 million,United Kingdom,Rush,8.1,75,R,2013-09-27,88,89,122 minutes,6,1
,,,$13.4 million (Foreign),$23 million,United States,Behind the Candelabra,7.0,,TV-MA,2013-06-07,71,95,118 minutes,6,1
,,,$85 million,$30 million,United States,Sicario,7.6,82,R,2015-10-02,84,94,121 minutes,3,1
,,,"$90,777",$6 million,United States,Beasts of No Nation,7.8,79,NOT RATED,2015-10-16,92,91,137 minutes,5,1
,,,$145.8 million,$7.5 million,United States,Driving Miss Daisy,7.4,81,PG,1990-01-26,,,100 minutes,5,1
"$18,428,904",,,"$18,428,904",$11.5 million,United States,The Fabulous Baker Boys,6.8,,R,1989-10-13,69,96,114 minutes,3,1
"$11,738,022",,"$11,738,022",AUD 80 million,AUD 3 million,Australia,Strictly Ballroom,7.2,72,PG,1993-02-12,,,94 minutes,7,3
"$5,842,603",,,"$5,842,603",$2.5 million,,The Last Seduction,7.1,85,R,1994-10-26,76,94,110 minutes,3,1
"$3,581,969",,,$3.5 million,,France,Three Colours: Red (Trois couleurs: Rouge),8.1,100,R,1994-11-23,,,99 minutes,2,1
"$21,284,514",,,"$21,284,514",$20 million,United States,To Die For,6.8,86,R,1995-10-06,65,87,106 minutes,3,1
,,,,,United States,Angela's Ashes,,,,,,,,,
"$96,522,687","$113,424,350","$209,947,037",$209.9 million,$17 million,Spain,The Others,7.6,74,PG-13,2001-08-10,77,83,104 minutes,7,1
"$31,273,922","$13,635,564","$44,909,486","$44,909,486",$4 million,United States,Monster's Ball,7.1,69,R,2002-03-01,67,85,111 minutes,6,1
,,,"$31,466,789 (Worldwide)",10 million,United Kingdom,Girl with a Pearl Earring,7.0,72,PG-13,2004-01-30,68,72,100 minutes,6,1
,,,,1.5 million,United Kingdom,The Mother,6.9,72,R,2004-06-18,62,78,112 minutes,4,1
"$70,099,045","$110,850,000","$180,949,045",$180.9 million,$30 million,United States,Kill Bill: Volume 1,8.1,69,R,2003-10-10,80,85,111 minutes,11,1
"$34,469,210","$25,909,374","$60,378,584",$60.4 million,$8 million,United States,Monster,7.3,74,R,2004-01-30,81,82,109 minutes,3,1
,,,,,,Sylvia Llewelyn Davies,,,,,,,,,
"$11,050,094","$81,813,851","$92,863,945",$92.9 million,$12 million,China,House of Flying Daggers,7.6,89,PG-13,2005-01-14,82,88,119 minutes,3,4
"$57,490,508","$104,752,454","$162,242,962",$162.2 million,$85 million,United States,Memoirs of a Geisha,7.3,54,PG-13,2005-12-23,83,35,145 minutes,7,1
"$10,301,706","$75,973,087","$86,274,793",$86.3 million,$25 million,France,La Vie en rose,7.6,66,PG-13,2007-07-20,84,74,140 minutes,3,1
,,,US$22.3 million,,France,I've Loved You So Long,7.6,79,PG-13,2009-02-20,85,88,115minutes,2,1
,,,"$50,813,834","$19,430,000",France,Coco Before Chanel,6.7,65,PG-13,2009-11-06,,,105 minutes,5,1
"$1,738,692","$4,300,250","$6,038,942",$10.8 million,$7 million,United Kingdom,We Need to Talk About Kevin,7.5,68,R,2011-10-21,78,76,112 minutes,3,2
"$2,062,027","$23,700,000","$25,762,027",$25.8 million,15.4 million,France,Rust and Bone,7.5,73,R,2012-05-17,80,82,123 minutes,2,1
"$6,008,677","$17,561,864","$23,570,541",$23.6 million,,United States,Hitchcock,6.8,55,PG-13,2012-12-14,60,62,98 minutes,8,1
"$83,301,580","$34,566,404","$117,867,984",$117.9 million,$35 million,Australia,Saving Mr. Banks,7.5,65,PG-13,2013-12-20,84,78,125 minutes,6,2
"$18,754,371","$25,130,281","$43,884,652",$43.9 million,$5 million,United States,Still Alice,7.5,72,PG-13,2015-02-20,85,88,101 minutes,5,2
"$14,482,031","$14,771,135","$29,253,166",$29.3 million,$10 million,United States,Big Eyes,7.0,62,PG-13,2014-12-25,68,72,106 minutes,7,2
"$10,021,175","$31,366,512","$41,387,687",$41.4 million,$6 million,United Kingdom,The Lady in the Van,6.7,70,PG-13,2016-02-26,64,91,104 minutes,5,1
,,,$172.6 million,$45 million,United States,The Girl on the Train,6.6,48,R,2016-10-07,,,112 minutes,8,1
,,,$95.9 million,,United States,Steel Magnolias,7.2,,PG,1989-11-22,89,69,117 minutes,10,1
"$2,060,847",,,"$2,060,847",,United Kingdom,The Krays,6.7,,R,1990-11-09,81,85,119 minutes,4,1
"$22,773,535",,,"$22,773,535 (UnitedStates)",,United States,Frankie and Johnny,6.7,,R,1991-10-11,68,78,118 minutes,4,1
,,,"$246,000",,United States,Stepping Out,6.4,,PG,1991-10-11,,,106 min.,10,1
,,,$31.2 million,,United Kingdom,The Secret Garden,7.3,,G,1993-08-13,80,85,102 minutes,4,1
"$11,330,911",,,"$11,285,588 (USA)",$13.5 million (est.),United States,Manhattan Murder Mystery,7.4,,PG,1993-08-18,84,93,104 minutes,4,1
"$8,038,061",,,"$8,038,061",$18 million,United States,The Ice Storm,7.5,72,R,1997-11-26,82,84,113 minutes,9,1
"$2,158,775",,,"$2,158,775 (US)",5.6 million,United Kingdom,Wilde,6.9,,R,1998-05-01,72,71,118 minutes,9,1
"$14,401,563",,,"$45,566,200 (US only)",$12 million,United Kingdom,Tea with Mussolini,6.9,53,PG,1999-05-14,76,65,117 minutes,10,1
"$65,955,630","$30,150,334","$96,105,964",$96.1 million,$80 million,United States,The Manchurian Candidate,6.6,76,R,2004-07-30,62,81,130 minutes,4,2
,,,$8.9 million,$6.4 million,United Kingdom,Control,7.7,78,R,2007-10-05,89,87,122 minutes,4,1
"$23,216,709","$73,192,591","$96,409,300","$96,409,300",$15 million,Spain,Vicky Cristina Barcelona,7.1,70,PG-13,2008-08-15,74,81,97 minutes,7,1
"$1,457,248","$5,120,531","$6,577,779","$6,413,733","1,235,500",United Kingdom,Nowhere Boy,7.2,67,R,2010-10-15,74,80,97 minutes,6,1
,,,"$12,395,087",5 million,United Kingdom,Made in Dagenham,7.2,65,R,2010-09-20,,,113 minutes,9,1
"$35,060,689","$41,114,477","$76,175,166",$78.1 million,$15 million,United States,Drive,7.8,78,R,2011-09-16,79,92,100 minutes,7,1
"$116,632,095","$59,966,813","$176,598,908",$176.6million,$30 million,United States,The Butler,7.2,66,PG-13,2013-08-16,78,71,132 minutes,16,1
"$1,446,634","$6,077,000","$7,523,634",$16.7 million,,United Kingdom,Pride,7.8,79,R,2014-09-12,89,92,120 minutes,9,1
,,,$12.45 million,,United Kingdom,"I, Daniel Blake",8.0,78,R,2016-10-21,,,100 minutes,4,1
"$86,888,546","$73,300,000","$160,188,546","$160,188,546",$50 million,United States,The War of the Roses,6.8,79,R,1989-12-08,70,82,116 minutes,4,1
"$487,391",,,"$487,391",$7 million,United Kingdom,The Browning Version,7.3,,R,1994-10-12,78,82,97 minutes,3,1
"$32,901,136",,,"$32,901,136",$10.5 million,,The Joy Luck Club,7.6,84,R,1993-10-29,89,85,139 minutes,8,1
"$3,581,969",,,$3.5 million,,France,Three Colours: Red (Trois couleurs : Rouge),8.1,100,R,1994-11-23,,,99 minutes,2,1
